semana_gestacional,tipo_parto,paridad,p90_chico,p97_chico,p90_chica,p97_chica,p90_promedio,p97_promedio
24,vaginal,primipara,821.46,871.17,734.86,780.49,778.1600000000001,825.8299999999999
25,vaginal,primipara,936.07,996.49,858.19,912.64,897.1300000000001,954.565
26,vaginal,primipara,1070.01,1142.8,996.14,1060.7,1033.075,1101.75
27,vaginal,primipara,1223.09,1309.74,1149.88,1225.93,1186.4850000000001,1267.835
28,vaginal,primipara,1394.51,1496.12,1319.85,1408.82,1357.1799999999998,1452.4699999999998
29,vaginal,primipara,1582.81,1700.06,1505.74,1609.03,1544.275,1654.545
30,vaginal,primipara,1785.99,1919.03,1706.47,1825.35,1746.23,1872.19
31,vaginal,primipara,2001.5,2150.03,1920.16,2055.66,1960.83,2102.8450000000003
32,vaginal,primipara,2226.35,2389.61,2144.14,2296.9,2185.245,2343.255
33,vaginal,primipara,2457.06,2634.01,2374.89,2545.08,2415.975,2589.545
34,vaginal,primipara,2689.76,2879.12,2608.1,2795.25,2648.9300000000003,2837.185
35,vaginal,primipara,2920.15,3120.49,2838.68,3041.54,2879.415,3081.015
36,vaginal,primipara,3143.52,3353.33,3060.77,3277.24,3102.145,3315.285
37,vaginal,primipara,3354.71,3572.44,3267.85,3494.87,3311.2799999999997,3533.6549999999997
38,vaginal,primipara,3548.17,3772.22,3452.78,3686.38,3500.4750000000004,3729.3
39,vaginal,primipara,3717.86,3946.59,3607.97,3843.25,3662.915,3894.92
40,vaginal,primipara,3857.31,4088.98,3725.44,3956.82,3791.375,4022.9
41,vaginal,primipara,3959.59,4192.32,3797.06,4018.42,3878.325,4105.37
42,vaginal,primipara,4017.28,4249.01,3844.82,4064.84,3931.05,4156.925
24,vaginal,multipara,820.63,873.6,750.64,802.25,785.635,837.925
25,vaginal,multipara,921.43,983.61,896.23,958.67,908.8299999999999,971.14
26,vaginal,multipara,1067.88,1142.55,1046,1119.79,1056.94,1131.17
27,vaginal,multipara,1242.83,1332.23,1201.31,1287.04,1222.07,1309.635
28,vaginal,multipara,1436.17,1541.76,1365.7,1464.2,1400.935,1502.98
29,vaginal,multipara,1642.7,1765.46,1543.33,1655.66,1593.0149999999999,1710.56
30,vaginal,multipara,1860.24,2000.79,1737.67,1865.08,1798.955,1932.935
31,vaginal,multipara,2087.98,2246.63,1950.47,2094.22,2019.225,2170.425
32,vaginal,multipara,2325.12,2501.86,2181.1,2342.25,2253.1099999999997,2422.0550000000003
33,vaginal,multipara,2569.87,2764.25,2426.23,2605.37,2498.05,2684.81
34,vaginal,multipara,2818.84,3029.8,2679.81,2876.8,2749.325,2953.3
35,vaginal,multipara,3066.75,3292.52,2933.44,3147.18,3000.0950000000003,3219.85
36,vaginal,multipara,3306.51,3544.51,3177.04,3405.36,3241.775,3474.9350000000004
37,vaginal,multipara,3529.75,3776.61,3399.94,3639.55,3464.8450000000003,3708.08
38,vaginal,multipara,3727.55,3979.23,3592.16,3838.84,3659.855,3909.035
39,vaginal,multipara,3891.61,4143.62,3746.12,3995.02,3818.865,4069.3199999999997
40,vaginal,multipara,4015.59,4263.36,3858.5,4104.58,3937.045,4183.969999999999
41,vaginal,multipara,4096.81,4336.09,3932.33,4170.96,4014.57,4253.525
42,vaginal,multipara,4138.03,4365.34,3979.27,4206.83,4058.6499999999996,4286.085
24,cesarea,primipara,747.12,794.02,748.3,809.32,747.71,801.6700000000001
25,cesarea,primipara,887.41,967.46,865.71,954.18,876.56,960.8199999999999
26,cesarea,primipara,1036.67,1146.39,987.21,1100.68,1011.94,1123.535
27,cesarea,primipara,1185.74,1320.58,1110.66,1245.9,1148.2,1283.24
28,cesarea,primipara,1336.11,1492.43,1241.2,1395.68,1288.655,1444.055
29,cesarea,primipara,1495.44,1671.3,1387.49,1559.98,1441.4650000000001,1615.6399999999999
30,cesarea,primipara,1673.1,1868.01,1558.12,1748.55,1615.61,1808.28
31,cesarea,primipara,1876.5,2090.69,1758.86,1967.64,1817.6799999999998,2029.165
32,cesarea,primipara,2108.64,2342.09,1990.92,2218.14,2049.7799999999997,2280.115
33,cesarea,primipara,2366.98,2618.4,2250.29,2494.91,2308.635,2556.6549999999997
34,cesarea,primipara,2643.53,2909.77,2527.99,2787.44,2585.76,2848.605
35,cesarea,primipara,2926.12,3202.05,2811.23,3081.31,2868.675,3141.6800000000003
36,cesarea,primipara,3200.42,3479.7,3085.13,3360.48,3142.775,3420.09
37,cesarea,primipara,3452.48,3728.87,3334.86,3609.78,3393.67,3669.325
38,cesarea,primipara,3671.14,3940.31,3547.98,3817.53,3609.56,3878.92
39,cesarea,primipara,3850.37,4111.46,3716.83,3977.96,3783.6,4044.71
40,cesarea,primipara,3991.45,4248.11,3841.02,4093.58,3916.2349999999997,4170.844999999999
41,cesarea,primipara,4105.59,4366.25,3930.32,4177.7,4017.955,4271.975
42,cesarea,primipara,4217.64,4495.36,4008.16,4257.86,4112.9,4376.61
24,cesarea,multipara,846.58,912.33,746.79,801.74,796.685,857.0350000000001
25,cesarea,multipara,973.08,1056.8,877.23,953.45,925.155,1005.125
26,cesarea,multipara,1096.42,1197.33,1030.88,1128.06,1063.65,1162.695
27,cesarea,multipara,1229.64,1347.78,1186.85,1303.3,1208.245,1325.54
28,cesarea,multipara,1382.39,1518.52,1343.43,1477.66,1362.91,1498.0900000000001
29,cesarea,multipara,1560.66,1715.89,1507.18,1658.6,1533.92,1687.245
30,cesarea,multipara,1766.77,1942.18,1687.69,1856.73,1727.23,1899.455
31,cesarea,multipara,1999.69,2195.87,1893.23,2080.95,1946.46,2138.41
32,cesarea,multipara,2255.46,2472.18,2127.7,2335.04,2191.58,2403.6099999999997
33,cesarea,multipara,2527.79,2763.77,2388.89,2615.84,2458.34,2689.8050000000003
34,cesarea,multipara,2808.58,3061.48,2668.25,2913.13,2738.415,2987.3050000000003
35,cesarea,multipara,3088.61,3355.09,2951.92,3211.06,3020.2650000000003,3283.075
36,cesarea,multipara,3358.02,3634,3222.95,3490.98,3290.4849999999997,3562.49
37,cesarea,multipara,3606.84,3887.86,3464.24,3735,3535.54,3811.4300000000003
38,cesarea,multipara,3825.38,4107.05,3661.98,3929.88,3743.6800000000003,4018.465
39,cesarea,multipara,4004.52,4282.99,3809.27,4070.75,3906.895,4176.87
40,cesarea,multipara,4135.82,4408.21,3910.19,4164.87,4023.005,4286.54
41,cesarea,multipara,4211.53,4476.29,3984.5,4235.97,4098.014999999999,4356.13
42,cesarea,multipara,4224.42,4481.47,4073.86,4330.33,4149.14,4405.9
